date,region,resource_type,usage_cpu,usage_storage,users_active,service,economic_index,cloud_market_demand,holiday
2023-01-01,East US,VM,88,1959,470,VM,104.97,0.99,1
2023-01-01,Southeast Asia,Storage,76,1582,369,Storage,104.97,0.99,1
2023-01-01,Southeast Asia,VM,93,1356,248,VM,104.97,0.99,1
2023-01-01,North Europe,Container,82,959,221,Container,104.97,0.99,1
2023-01-01,North Europe,Storage,51,1715,476,Storage,104.97,0.99,1
2023-01-01,North Europe,VM,73,1937,493,VM,104.97,0.99,1
2023-01-01,Southeast Asia,Container,77,1199,470,Container,104.97,0.99,1
2023-01-01,West US,Storage,85,1371,351,Storage,104.97,0.99,1
2023-01-01,West US,VM,60,1982,287,VM,104.97,0.99,1
2023-01-01,East US,Container,70,621,414,Container,104.97,0.99,1
2023-01-01,East US,Storage,92,1595,388,Storage,104.97,0.99,1
2023-01-01,West US,Container,52,1832,457,Container,104.97,0.99,1
2023-02-01,Southeast Asia,Container,55,1684,376,Container,88.94,0.88,0
2023-02-01,East US,Container,95,1928,309,Container,88.94,0.88,0
2023-02-01,West US,VM,85,1705,200,VM,88.94,0.88,0
2023-02-01,West US,Storage,89,1160,336,Storage,88.94,0.88,0
2023-02-01,West US,Container,59,1959,316,Container,88.94,0.88,0
2023-02-01,North Europe,VM,75,1436,490,VM,88.94,0.88,0
2023-02-01,North Europe,Storage,74,574,493,Storage,88.94,0.88,0
2023-02-01,North Europe,Container,51,1733,216,Container,88.94,0.88,0
2023-02-01,Southeast Asia,VM,92,1454,450,VM,88.94,0.88,0
2023-02-01,Southeast Asia,Storage,73,524,379,Storage,88.94,0.88,0
2023-02-01,East US,Storage,90,1278,456,Storage,88.94,0.88,0
2023-02-01,East US,VM,78,1985,495,VM,88.94,0.88,0
2023-03-01,Southeast Asia,Container,64,918,359,Container,111.43,1.08,0
2023-03-01,East US,Storage,65,1572,353,Storage,111.43,1.08,0
2023-03-01,East US,Container,76,1816,267,Container,111.43,1.08,0
2023-03-01,West US,VM,99,1163,218,VM,111.43,1.08,0
2023-03-01,West US,Storage,85,1583,366,Storage,111.43,1.08,0
2023-03-01,West US,Container,59,1356,345,Container,111.43,1.08,0
2023-03-01,East US,VM,91,1083,351,VM,111.43,1.08,0
2023-03-01,North Europe,Storage,54,1186,248,Storage,111.43,1.08,0
2023-03-01,North Europe,Container,84,1631,425,Container,111.43,1.08,0
2023-03-01,Southeast Asia,VM,82,1130,348,VM,111.43,1.08,0
2023-03-01,Southeast Asia,Storage,66,1161,492,Storage,111.43,1.08,0
2023-03-01,North Europe,VM,68,1492,441,VM,111.43,1.08,0
2023-01-02,East US,VM,96,1457,250,VM,106.48,1.15,0
2023-01-02,East US,Storage,93,1767,330,Storage,106.48,1.15,0
2023-01-02,East US,Container,86,1146,220,Container,106.48,1.15,0
2023-01-02,West US,VM,58,666,473,VM,106.48,1.15,0
2023-01-02,West US,Storage,53,1100,213,Storage,106.48,1.15,0
2023-01-02,North Europe,VM,51,1863,291,VM,106.48,1.15,0
2023-01-02,North Europe,Storage,96,1455,463,Storage,106.48,1.15,0
2023-01-02,North Europe,Container,96,534,405,Container,106.48,1.15,0
2023-01-02,Southeast Asia,VM,66,1911,201,VM,106.48,1.15,0
2023-01-02,Southeast Asia,Storage,55,1065,305,Storage,106.48,1.15,0
2023-01-02,West US,Container,99,1276,252,Container,106.48,1.15,0
2023-01-02,Southeast Asia,Container,53,1202,417,Container,106.48,1.15,0
2023-02-02,West US,VM,90,1188,347,VM,108.13,1.14,0
2023-02-02,East US,Storage,75,655,248,Storage,108.13,1.14,0
2023-02-02,Southeast Asia,Container,96,1509,393,Container,108.13,1.14,0
2023-02-02,Southeast Asia,Storage,67,1268,277,Storage,108.13,1.14,0
2023-02-02,East US,VM,78,562,349,VM,108.13,1.14,0
2023-02-02,North Europe,Container,79,784,485,Container,108.13,1.14,0
2023-02-02,North Europe,Storage,68,1841,231,Storage,108.13,1.14,0
2023-02-02,Southeast Asia,VM,65,1947,218,VM,108.13,1.14,0
2023-02-02,West US,Container,89,1060,456,Container,108.13,1.14,0
2023-02-02,West US,Storage,71,975,262,Storage,108.13,1.14,0
2023-02-02,East US,Container,56,1348,283,Container,108.13,1.14,0
2023-02-02,North Europe,VM,81,1664,414,VM,108.13,1.14,0
2023-03-02,West US,Storage,88,958,479,Storage,107.91,0.91,0
2023-03-02,East US,VM,60,1149,277,VM,107.91,0.91,0
2023-03-02,East US,Storage,62,1008,453,Storage,107.91,0.91,0
2023-03-02,East US,Container,74,1269,490,Container,107.91,0.91,0
2023-03-02,West US,VM,56,1897,324,VM,107.91,0.91,0
2023-03-02,West US,Container,95,1741,301,Container,107.91,0.91,0
2023-03-02,Southeast Asia,VM,52,572,335,VM,107.91,0.91,0
2023-03-02,North Europe,Storage,94,1505,235,Storage,107.91,0.91,0
2023-03-02,North Europe,Container,89,852,363,Container,107.91,0.91,0
2023-03-02,Southeast Asia,Storage,82,1593,395,Storage,107.91,0.91,0
2023-03-02,Southeast Asia,Container,62,1060,329,Container,107.91,0.91,0
2023-03-02,North Europe,VM,91,787,366,VM,107.91,0.91,0
2023-01-03,East US,VM,93,661,401,VM,97.66,0.98,0
2023-01-03,East US,Storage,85,769,470,Storage,97.66,0.98,0
2023-01-03,East US,Container,57,1985,414,Container,97.66,0.98,0
2023-01-03,West US,VM,89,1219,436,VM,97.66,0.98,0
2023-01-03,West US,Storage,67,1378,252,Storage,97.66,0.98,0
2023-01-03,West US,Container,73,716,451,Container,97.66,0.98,0
2023-01-03,North Europe,VM,94,1564,356,VM,97.66,0.98,0
2023-01-03,North Europe,Storage,64,564,208,Storage,97.66,0.98,0
2023-01-03,North Europe,Container,73,1652,335,Container,97.66,0.98,0
2023-01-03,Southeast Asia,VM,73,1586,338,VM,97.66,0.98,0
2023-01-03,Southeast Asia,Storage,66,891,362,Storage,97.66,0.98,0
2023-01-03,Southeast Asia,Container,84,788,460,Container,97.66,0.98,0
2023-02-03,East US,Storage,79,1446,331,Storage,99.28,1.1,0
2023-02-03,East US,Container,50,1787,254,Container,99.28,1.1,0
2023-02-03,West US,VM,88,1299,465,VM,99.28,1.1,0
2023-02-03,West US,Storage,59,661,286,Storage,99.28,1.1,0
2023-02-03,West US,Container,77,1701,207,Container,99.28,1.1,0
2023-02-03,North Europe,VM,50,812,446,VM,99.28,1.1,0
2023-02-03,East US,VM,77,1636,313,VM,99.28,1.1,0
2023-02-03,North Europe,Container,57,1577,448,Container,99.28,1.1,0
2023-02-03,Southeast Asia,VM,96,1752,266,VM,99.28,1.1,0
2023-02-03,Southeast Asia,Storage,82,1506,463,Storage,99.28,1.1,0
2023-02-03,Southeast Asia,Container,83,595,287,Container,99.28,1.1,0
2023-02-03,North Europe,Storage,52,942,454,Storage,99.28,1.1,0
2023-03-03,East US,Storage,81,648,463,Storage,114.03,0.86,0
2023-03-03,Southeast Asia,Container,65,1535,344,Container,114.03,0.86,0
2023-03-03,West US,VM,52,841,329,VM,114.03,0.86,0
2023-03-03,West US,Storage,72,1695,457,Storage,114.03,0.86,0
2023-03-03,West US,Container,87,1732,490,Container,114.03,0.86,0
2023-03-03,North Europe,Storage,57,1161,499,Storage,114.03,0.86,0
2023-03-03,North Europe,Container,85,952,486,Container,114.03,0.86,0
2023-03-03,Southeast Asia,VM,96,1516,407,VM,114.03,0.86,0
2023-03-03,Southeast Asia,Storage,91,945,357,Storage,114.03,0.86,0
2023-03-03,East US,VM,54,927,226,VM,114.03,0.86,0
2023-03-03,North Europe,VM,83,1994,485,VM,114.03,0.86,0
2023-03-03,East US,Container,87,566,499,Container,114.03,0.86,0
2023-01-04,Southeast Asia,Container,81,1242,440,Container,115.79,1.08,0
2023-01-04,East US,VM,91,730,240,VM,115.79,1.08,0
2023-01-04,Southeast Asia,Storage,75,1391,378,Storage,115.79,1.08,0
2023-01-04,Southeast Asia,VM,58,706,214,VM,115.79,1.08,0
2023-01-04,North Europe,Storage,50,1528,417,Storage,115.79,1.08,0
2023-01-04,North Europe,VM,50,1112,330,VM,115.79,1.08,0
2023-01-04,North Europe,Container,63,1370,482,Container,115.79,1.08,0
2023-01-04,West US,Storage,73,1304,298,Storage,115.79,1.08,0
2023-01-04,West US,VM,97,1002,261,VM,115.79,1.08,0
2023-01-04,East US,Container,57,1279,232,Container,115.79,1.08,0
2023-01-04,East US,Storage,77,634,400,Storage,115.79,1.08,0
2023-01-04,West US,Container,93,1225,234,Container,115.79,1.08,0
2023-02-04,West US,Storage,82,650,284,Storage,103.62,0.94,1
2023-02-04,East US,VM,63,1811,319,VM,103.62,0.94,1
2023-02-04,East US,Storage,95,990,364,Storage,103.62,0.94,1
2023-02-04,East US,Container,70,1409,422,Container,103.62,0.94,1
2023-02-04,West US,VM,97,506,462,VM,103.62,0.94,1
2023-02-04,West US,Container,68,1904,235,Container,103.62,0.94,1
2023-02-04,Southeast Asia,VM,72,1642,219,VM,103.62,0.94,1
2023-02-04,North Europe,Storage,51,1314,396,Storage,103.62,0.94,1
2023-02-04,Southeast Asia,Container,79,1404,425,Container,103.62,0.94,1
2023-02-04,Southeast Asia,Storage,54,1304,455,Storage,103.62,0.94,1
2023-02-04,North Europe,VM,78,1199,281,VM,103.62,0.94,1
2023-02-04,North Europe,Container,69,1245,394,Container,103.62,0.94,1
2023-03-04,East US,VM,65,1479,202,VM,105.87,1.22,1
2023-03-04,East US,Storage,65,736,478,Storage,105.87,1.22,1
2023-03-04,East US,Container,77,1126,303,Container,105.87,1.22,1
2023-03-04,West US,VM,54,1771,320,VM,105.87,1.22,1
2023-03-04,West US,Storage,79,648,283,Storage,105.87,1.22,1
2023-03-04,West US,Container,55,905,430,Container,105.87,1.22,1
2023-03-04,North Europe,VM,81,1684,471,VM,105.87,1.22,1
2023-03-04,North Europe,Storage,61,1237,341,Storage,105.87,1.22,1
2023-03-04,North Europe,Container,85,980,350,Container,105.87,1.22,1
2023-03-04,Southeast Asia,Storage,90,840,457,Storage,105.87,1.22,1
2023-03-04,Southeast Asia,VM,99,1248,265,VM,105.87,1.22,1
2023-03-04,Southeast Asia,Container,76,1260,379,Container,105.87,1.22,1
2023-01-05,East US,VM,81,984,430,VM,95.31,1.05,0
2023-01-05,East US,Storage,94,1694,228,Storage,95.31,1.05,0
2023-01-05,East US,Container,85,1024,359,Container,95.31,1.05,0
2023-01-05,West US,VM,56,1766,285,VM,95.31,1.05,0
2023-01-05,West US,Container,94,1512,333,Container,95.31,1.05,0
2023-01-05,West US,Storage,77,1077,369,Storage,95.31,1.05,0
2023-01-05,North Europe,Storage,93,1863,485,Storage,95.31,1.05,0
2023-01-05,North Europe,Container,60,1871,430,Container,95.31,1.05,0
2023-01-05,Southeast Asia,VM,82,1908,482,VM,95.31,1.05,0
2023-01-05,Southeast Asia,Storage,62,1782,397,Storage,95.31,1.05,0
2023-01-05,Southeast Asia,Container,57,1934,336,Container,95.31,1.05,0
2023-01-05,North Europe,VM,77,1551,307,VM,95.31,1.05,0
2023-02-05,Southeast Asia,Storage,86,574,345,Storage,103.61,1.15,1
2023-02-05,East US,VM,93,1353,479,VM,103.61,1.15,1
2023-02-05,East US,Storage,66,1213,357,Storage,103.61,1.15,1
2023-02-05,East US,Container,95,627,423,Container,103.61,1.15,1
2023-02-05,West US,Storage,63,1020,239,Storage,103.61,1.15,1
2023-02-05,Southeast Asia,Container,70,541,240,Container,103.61,1.15,1
2023-02-05,North Europe,VM,88,1724,445,VM,103.61,1.15,1
2023-02-05,West US,Container,51,736,480,Container,103.61,1.15,1
2023-02-05,Southeast Asia,VM,94,1109,414,VM,103.61,1.15,1
2023-02-05,West US,VM,66,1638,408,VM,103.61,1.15,1
2023-02-05,North Europe,Container,75,941,228,Container,103.61,1.15,1
2023-02-05,North Europe,Storage,71,1758,203,Storage,103.61,1.15,1
2023-03-05,Southeast Asia,Storage,51,1358,329,Storage,90.09,0.94,1
2023-03-05,Southeast Asia,VM,58,898,362,VM,90.09,0.94,1
2023-03-05,North Europe,Container,65,1530,213,Container,90.09,0.94,1
2023-03-05,Southeast Asia,Container,84,1989,405,Container,90.09,0.94,1
2023-03-05,North Europe,VM,79,1739,357,VM,90.09,0.94,1
2023-03-05,North Europe,Storage,63,633,266,Storage,90.09,0.94,1
2023-03-05,West US,VM,91,511,438,VM,90.09,0.94,1
2023-03-05,East US,Container,71,1839,300,Container,90.09,0.94,1
2023-03-05,East US,Storage,84,905,342,Storage,90.09,0.94,1
2023-03-05,East US,VM,72,1719,461,VM,90.09,0.94,1
2023-03-05,West US,Storage,98,541,365,Storage,90.09,0.94,1
2023-03-05,West US,Container,67,1952,490,Container,90.09,0.94,1
2023-01-06,West US,Storage,61,1909,312,Storage,95.37,0.95,0
2023-01-06,East US,VM,86,1748,433,VM,95.37,0.95,0
2023-01-06,East US,Storage,93,1163,359,Storage,95.37,0.95,0
2023-01-06,East US,Container,81,1995,432,Container,95.37,0.95,0
2023-01-06,West US,VM,98,941,251,VM,95.37,0.95,0
2023-01-06,West US,Container,86,1451,280,Container,95.37,0.95,0
2023-01-06,North Europe,Storage,77,1354,423,Storage,95.37,0.95,0
2023-01-06,Southeast Asia,Container,53,1962,402,Container,95.37,0.95,0
2023-01-06,Southeast Asia,Storage,75,1939,446,Storage,95.37,0.95,0
2023-01-06,North Europe,VM,98,501,329,VM,95.37,0.95,0
2023-01-06,North Europe,Container,82,884,325,Container,95.37,0.95,0
2023-01-06,Southeast Asia,VM,51,1576,371,VM,95.37,0.95,0
2023-02-06,East US,VM,87,533,216,VM,99.64,1.16,0
2023-02-06,East US,Storage,86,1676,275,Storage,99.64,1.16,0
2023-02-06,East US,Container,72,841,226,Container,99.64,1.16,0
2023-02-06,Southeast Asia,Storage,89,510,363,Storage,99.64,1.16,0
2023-02-06,West US,Storage,89,1109,467,Storage,99.64,1.16,0
2023-02-06,West US,Container,94,1320,372,Container,99.64,1.16,0
2023-02-06,North Europe,VM,66,1421,389,VM,99.64,1.16,0
2023-02-06,North Europe,Storage,95,629,392,Storage,99.64,1.16,0
2023-02-06,North Europe,Container,85,1894,481,Container,99.64,1.16,0
2023-02-06,Southeast Asia,VM,78,648,466,VM,99.64,1.16,0
2023-02-06,West US,VM,80,1145,418,VM,99.64,1.16,0
2023-02-06,Southeast Asia,Container,98,686,494,Container,99.64,1.16,0
2023-03-06,East US,VM,69,765,224,VM,101.0,0.95,0
2023-03-06,Southeast Asia,Container,78,542,453,Container,101.0,0.95,0
2023-03-06,Southeast Asia,Storage,67,1488,359,Storage,101.0,0.95,0
2023-03-06,Southeast Asia,VM,77,1042,219,VM,101.0,0.95,0
2023-03-06,North Europe,Container,81,627,295,Container,101.0,0.95,0
2023-03-06,North Europe,Storage,64,1696,211,Storage,101.0,0.95,0
2023-03-06,North Europe,VM,62,1640,224,VM,101.0,0.95,0
2023-03-06,West US,Container,52,982,224,Container,101.0,0.95,0
2023-03-06,West US,Storage,65,1321,437,Storage,101.0,0.95,0
2023-03-06,West US,VM,63,1332,309,VM,101.0,0.95,0
2023-03-06,East US,Container,82,663,294,Container,101.0,0.95,0
2023-03-06,East US,Storage,51,1292,452,Storage,101.0,0.95,0
2023-01-07,East US,Storage,73,1383,297,Storage,102.42,0.81,1
2023-01-07,West US,VM,65,1108,400,VM,102.42,0.81,1
2023-01-07,West US,Storage,55,963,458,Storage,102.42,0.81,1
2023-01-07,West US,Container,69,1263,346,Container,102.42,0.81,1
2023-01-07,East US,Container,55,1481,439,Container,102.42,0.81,1
2023-01-07,North Europe,Storage,90,1428,327,Storage,102.42,0.81,1
2023-01-07,North Europe,Container,88,837,328,Container,102.42,0.81,1
2023-01-07,Southeast Asia,VM,60,972,350,VM,102.42,0.81,1
2023-01-07,Southeast Asia,Storage,80,1821,298,Storage,102.42,0.81,1
2023-01-07,East US,VM,66,1266,493,VM,102.42,0.81,1
2023-01-07,North Europe,VM,69,1363,398,VM,102.42,0.81,1
2023-01-07,Southeast Asia,Container,56,643,311,Container,102.42,0.81,1
2023-02-07,Southeast Asia,Storage,93,671,301,Storage,73.8,1.08,0
2023-02-07,Southeast Asia,Container,83,1023,474,Container,73.8,1.08,0
2023-02-07,Southeast Asia,VM,88,630,428,VM,73.8,1.08,0
2023-02-07,North Europe,Container,92,541,224,Container,73.8,1.08,0
2023-02-07,North Europe,VM,58,795,216,VM,73.8,1.08,0
2023-02-07,West US,Container,75,1973,272,Container,73.8,1.08,0
2023-02-07,North Europe,Storage,50,1740,260,Storage,73.8,1.08,0
2023-02-07,West US,VM,85,1250,347,VM,73.8,1.08,0
2023-02-07,East US,Container,71,568,488,Container,73.8,1.08,0
2023-02-07,East US,Storage,96,1163,445,Storage,73.8,1.08,0
2023-02-07,East US,VM,89,1750,297,VM,73.8,1.08,0
2023-02-07,West US,Storage,68,1767,400,Storage,73.8,1.08,0
2023-03-07,West US,Storage,80,1579,282,Storage,84.49,1.01,0
2023-03-07,East US,VM,51,1583,350,VM,84.49,1.01,0
2023-03-07,East US,Storage,68,786,204,Storage,84.49,1.01,0
2023-03-07,East US,Container,68,1277,329,Container,84.49,1.01,0
2023-03-07,West US,VM,60,1189,452,VM,84.49,1.01,0
2023-03-07,West US,Container,58,1622,348,Container,84.49,1.01,0
2023-03-07,North Europe,VM,58,1679,389,VM,84.49,1.01,0
2023-03-07,North Europe,Storage,95,1382,462,Storage,84.49,1.01,0
2023-03-07,North Europe,Container,65,899,451,Container,84.49,1.01,0
2023-03-07,Southeast Asia,VM,82,1783,459,VM,84.49,1.01,0
2023-03-07,Southeast Asia,Storage,88,1284,300,Storage,84.49,1.01,0
2023-03-07,Southeast Asia,Container,88,1903,420,Container,84.49,1.01,0
2023-01-08,Southeast Asia,VM,97,1009,298,VM,82.75,0.94,1
2023-01-08,North Europe,Container,69,753,426,Container,82.75,0.94,1
2023-01-08,North Europe,Storage,98,1943,303,Storage,82.75,0.94,1
2023-01-08,North Europe,VM,82,1127,274,VM,82.75,0.94,1
2023-01-08,West US,Container,69,651,253,Container,82.75,0.94,1
2023-01-08,West US,Storage,97,707,330,Storage,82.75,0.94,1
2023-01-08,West US,VM,90,1622,346,VM,82.75,0.94,1
2023-01-08,East US,Container,81,1514,208,Container,82.75,0.94,1
2023-01-08,East US,Storage,61,952,236,Storage,82.75,0.94,1
2023-01-08,East US,VM,98,501,453,VM,82.75,0.94,1
2023-01-08,Southeast Asia,Container,84,1456,368,Container,82.75,0.94,1
2023-01-08,Southeast Asia,Storage,74,1413,393,Storage,82.75,0.94,1
2023-02-08,East US,Container,73,838,463,Container,100.87,0.97,0
2023-02-08,West US,VM,80,1160,280,VM,100.87,0.97,0
2023-02-08,West US,Storage,72,873,397,Storage,100.87,0.97,0
2023-02-08,West US,Container,57,965,288,Container,100.87,0.97,0
2023-02-08,North Europe,VM,61,988,225,VM,100.87,0.97,0
2023-02-08,North Europe,Storage,96,1811,465,Storage,100.87,0.97,0
2023-02-08,North Europe,Container,65,1210,481,Container,100.87,0.97,0
2023-02-08,Southeast Asia,Container,56,636,375,Container,100.87,0.97,0
2023-02-08,East US,VM,86,1567,216,VM,100.87,0.97,0
2023-02-08,East US,Storage,59,511,279,Storage,100.87,0.97,0
2023-02-08,Southeast Asia,VM,70,1609,449,VM,100.87,0.97,0
2023-02-08,Southeast Asia,Storage,56,834,316,Storage,100.87,0.97,0
2023-03-08,Southeast Asia,Storage,67,672,359,Storage,89.38,1.05,0
2023-03-08,East US,VM,85,623,430,VM,89.38,1.05,0
2023-03-08,East US,Storage,99,1586,315,Storage,89.38,1.05,0
2023-03-08,East US,Container,84,1018,354,Container,89.38,1.05,0
2023-03-08,West US,VM,77,1481,213,VM,89.38,1.05,0
2023-03-08,West US,Storage,56,1097,332,Storage,89.38,1.05,0
2023-03-08,West US,Container,51,904,445,Container,89.38,1.05,0
2023-03-08,North Europe,VM,87,1160,337,VM,89.38,1.05,0
2023-03-08,North Europe,Storage,72,1946,264,Storage,89.38,1.05,0
2023-03-08,North Europe,Container,62,712,441,Container,89.38,1.05,0
2023-03-08,Southeast Asia,Container,85,964,387,Container,89.38,1.05,0
2023-03-08,Southeast Asia,VM,94,1736,380,VM,89.38,1.05,0
2023-01-09,East US,VM,85,660,267,VM,89.87,1.03,0
2023-01-09,Southeast Asia,Container,98,516,371,Container,89.87,1.03,0
2023-01-09,Southeast Asia,Storage,53,1046,391,Storage,89.87,1.03,0
2023-01-09,Southeast Asia,VM,77,1378,346,VM,89.87,1.03,0
2023-01-09,North Europe,Container,70,1297,296,Container,89.87,1.03,0
2023-01-09,North Europe,Storage,76,526,425,Storage,89.87,1.03,0
2023-01-09,North Europe,VM,94,1062,463,VM,89.87,1.03,0
2023-01-09,West US,Container,95,537,429,Container,89.87,1.03,0
2023-01-09,West US,Storage,82,1187,221,Storage,89.87,1.03,0
2023-01-09,West US,VM,52,900,327,VM,89.87,1.03,0
2023-01-09,East US,Storage,82,897,476,Storage,89.87,1.03,0
2023-01-09,East US,Container,97,1915,334,Container,89.87,1.03,0
2023-02-09,East US,VM,57,1326,414,VM,100.92,0.8,0
2023-02-09,East US,Storage,78,1093,422,Storage,100.92,0.8,0
2023-02-09,Southeast Asia,Storage,82,515,307,Storage,100.92,0.8,0
2023-02-09,Southeast Asia,VM,78,1481,409,VM,100.92,0.8,0
2023-02-09,North Europe,Container,64,996,203,Container,100.92,0.8,0
2023-02-09,North Europe,Storage,72,863,238,Storage,100.92,0.8,0
2023-02-09,Southeast Asia,Container,51,810,426,Container,100.92,0.8,0
2023-02-09,West US,Container,94,1621,330,Container,100.92,0.8,0
2023-02-09,West US,Storage,84,1119,387,Storage,100.92,0.8,0
2023-02-09,West US,VM,66,1682,351,VM,100.92,0.8,0
2023-02-09,East US,Container,79,871,302,Container,100.92,0.8,0
2023-02-09,North Europe,VM,86,1694,382,VM,100.92,0.8,0
2023-03-09,North Europe,Container,51,1071,247,Container,90.81,1.15,0
2023-03-09,East US,VM,60,1202,455,VM,90.81,1.15,0
2023-03-09,East US,Storage,75,1009,395,Storage,90.81,1.15,0
2023-03-09,East US,Container,83,1123,451,Container,90.81,1.15,0
2023-03-09,West US,VM,67,1243,426,VM,90.81,1.15,0
2023-03-09,West US,Storage,90,1959,241,Storage,90.81,1.15,0
2023-03-09,West US,Container,70,1053,312,Container,90.81,1.15,0
2023-03-09,North Europe,VM,90,691,216,VM,90.81,1.15,0
2023-03-09,North Europe,Storage,58,924,328,Storage,90.81,1.15,0
2023-03-09,Southeast Asia,Storage,99,731,476,Storage,90.81,1.15,0
2023-03-09,Southeast Asia,VM,78,1620,209,VM,90.81,1.15,0
2023-03-09,Southeast Asia,Container,77,1214,446,Container,90.81,1.15,0
2023-01-10,East US,Storage,55,598,432,Storage,90.92,0.86,0
2023-01-10,Southeast Asia,Container,89,1916,498,Container,90.92,0.86,0
2023-01-10,Southeast Asia,Storage,51,654,472,Storage,90.92,0.86,0
2023-01-10,Southeast Asia,VM,99,1811,350,VM,90.92,0.86,0
2023-01-10,North Europe,Container,52,1185,479,Container,90.92,0.86,0
2023-01-10,North Europe,Storage,74,1065,257,Storage,90.92,0.86,0
2023-01-10,North Europe,VM,52,627,217,VM,90.92,0.86,0
2023-01-10,West US,Container,70,1427,360,Container,90.92,0.86,0
2023-01-10,West US,Storage,82,1639,390,Storage,90.92,0.86,0
2023-01-10,West US,VM,80,1622,387,VM,90.92,0.86,0
2023-01-10,East US,VM,77,657,245,VM,90.92,0.86,0
2023-01-10,East US,Container,86,779,380,Container,90.92,0.86,0
2023-02-10,Southeast Asia,Container,86,560,397,Container,97.8,1.04,0
2023-02-10,East US,Storage,62,1664,473,Storage,97.8,1.04,0
2023-02-10,East US,Container,81,1562,228,Container,97.8,1.04,0
2023-02-10,West US,VM,98,976,444,VM,97.8,1.04,0
2023-02-10,West US,Storage,93,1196,471,Storage,97.8,1.04,0
2023-02-10,West US,Container,93,1762,465,Container,97.8,1.04,0
2023-02-10,North Europe,VM,79,1420,264,VM,97.8,1.04,0
2023-02-10,North Europe,Storage,79,502,341,Storage,97.8,1.04,0
2023-02-10,North Europe,Container,79,823,345,Container,97.8,1.04,0
2023-02-10,East US,VM,91,1045,450,VM,97.8,1.04,0
2023-02-10,Southeast Asia,VM,86,931,392,VM,97.8,1.04,0
2023-02-10,Southeast Asia,Storage,95,1084,339,Storage,97.8,1.04,0
2023-03-10,Southeast Asia,Storage,56,998,227,Storage,92.17,0.97,0
2023-03-10,Southeast Asia,Container,92,941,460,Container,92.17,0.97,0
2023-03-10,Southeast Asia,VM,60,935,410,VM,92.17,0.97,0
2023-03-10,North Europe,Container,89,865,427,Container,92.17,0.97,0
2023-03-10,North Europe,VM,73,1163,216,VM,92.17,0.97,0
2023-03-10,West US,Container,72,542,308,Container,92.17,0.97,0
2023-03-10,North Europe,Storage,54,647,476,Storage,92.17,0.97,0
2023-03-10,West US,VM,68,1080,286,VM,92.17,0.97,0
2023-03-10,East US,Container,66,1455,372,Container,92.17,0.97,0
2023-03-10,East US,Storage,57,1444,278,Storage,92.17,0.97,0
2023-03-10,East US,VM,83,1275,413,VM,92.17,0.97,0
2023-03-10,West US,Storage,86,1531,399,Storage,92.17,0.97,0
2023-01-11,North Europe,VM,77,1877,487,VM,114.66,0.98,0
2023-01-11,Southeast Asia,VM,71,813,257,VM,114.66,0.98,0
2023-01-11,North Europe,Container,74,1074,389,Container,114.66,0.98,0
2023-01-11,North Europe,Storage,72,1353,250,Storage,114.66,0.98,0
2023-01-11,West US,Container,61,970,342,Container,114.66,0.98,0
2023-01-11,East US,VM,97,1562,369,VM,114.66,0.98,0
2023-01-11,West US,VM,69,820,463,VM,114.66,0.98,0
2023-01-11,East US,Container,56,535,372,Container,114.66,0.98,0
2023-01-11,East US,Storage,75,1420,212,Storage,114.66,0.98,0
2023-01-11,Southeast Asia,Storage,71,804,379,Storage,114.66,0.98,0
2023-01-11,West US,Storage,95,899,341,Storage,114.66,0.98,0
2023-01-11,Southeast Asia,Container,91,1337,470,Container,114.66,0.98,0
2023-02-11,East US,Container,56,1063,459,Container,114.78,0.95,1
2023-02-11,North Europe,Storage,55,553,246,Storage,114.78,0.95,1
2023-02-11,East US,Storage,62,725,352,Storage,114.78,0.95,1
2023-02-11,West US,VM,57,1833,442,VM,114.78,0.95,1
2023-02-11,West US,Storage,94,1889,306,Storage,114.78,0.95,1
2023-02-11,West US,Container,83,1324,417,Container,114.78,0.95,1
2023-02-11,North Europe,VM,90,1252,458,VM,114.78,0.95,1
2023-02-11,North Europe,Container,72,1188,208,Container,114.78,0.95,1
2023-02-11,Southeast Asia,VM,84,1543,440,VM,114.78,0.95,1
2023-02-11,Southeast Asia,Container,67,561,344,Container,114.78,0.95,1
2023-02-11,Southeast Asia,Storage,91,918,377,Storage,114.78,0.95,1
2023-02-11,East US,VM,88,1963,210,VM,114.78,0.95,1
2023-03-11,East US,Storage,59,1491,419,Storage,108.14,0.88,1
2023-03-11,East US,VM,54,849,207,VM,108.14,0.88,1
2023-03-11,Southeast Asia,Container,66,1435,382,Container,108.14,0.88,1
2023-03-11,North Europe,Container,81,850,487,Container,108.14,0.88,1
2023-03-11,North Europe,Storage,61,1269,468,Storage,108.14,0.88,1
2023-03-11,North Europe,VM,99,648,363,VM,108.14,0.88,1
2023-03-11,West US,Container,90,668,416,Container,108.14,0.88,1
2023-03-11,Southeast Asia,VM,81,1391,425,VM,108.14,0.88,1
2023-03-11,West US,Storage,85,1905,277,Storage,108.14,0.88,1
2023-03-11,West US,VM,89,1420,248,VM,108.14,0.88,1
2023-03-11,Southeast Asia,Storage,60,1021,470,Storage,108.14,0.88,1
2023-03-11,East US,Container,66,1746,335,Container,108.14,0.88,1
2023-01-12,East US,Storage,82,763,252,Storage,100.68,0.86,0
2023-01-12,East US,Container,93,504,302,Container,100.68,0.86,0
2023-01-12,West US,VM,53,1273,246,VM,100.68,0.86,0
2023-01-12,West US,Storage,84,1322,343,Storage,100.68,0.86,0
2023-01-12,West US,Container,62,869,323,Container,100.68,0.86,0
2023-01-12,North Europe,Storage,68,1581,428,Storage,100.68,0.86,0
2023-01-12,East US,VM,92,943,300,VM,100.68,0.86,0
2023-01-12,North Europe,Container,75,616,478,Container,100.68,0.86,0
2023-01-12,Southeast Asia,VM,58,1512,328,VM,100.68,0.86,0
2023-01-12,Southeast Asia,Storage,50,1301,295,Storage,100.68,0.86,0
2023-01-12,North Europe,VM,91,1156,319,VM,100.68,0.86,0
2023-01-12,Southeast Asia,Container,97,987,436,Container,100.68,0.86,0
2023-02-12,Southeast Asia,Container,75,1413,236,Container,91.92,0.95,1
2023-02-12,Southeast Asia,Storage,57,1774,375,Storage,91.92,0.95,1
2023-02-12,North Europe,VM,61,669,208,VM,91.92,0.95,1
2023-02-12,East US,Container,96,1612,267,Container,91.92,0.95,1
2023-02-12,West US,VM,63,1880,297,VM,91.92,0.95,1
2023-02-12,West US,Storage,60,1451,322,Storage,91.92,0.95,1
2023-02-12,West US,Container,77,1718,425,Container,91.92,0.95,1
2023-02-12,North Europe,Storage,64,539,224,Storage,91.92,0.95,1
2023-02-12,North Europe,Container,54,1918,425,Container,91.92,0.95,1
2023-02-12,East US,Storage,84,1280,319,Storage,91.92,0.95,1
2023-02-12,East US,VM,73,502,359,VM,91.92,0.95,1
2023-02-12,Southeast Asia,VM,73,1647,237,VM,91.92,0.95,1
2023-03-12,North Europe,Storage,70,1920,348,Storage,102.27,1.13,1
2023-03-12,West US,Container,88,996,467,Container,102.27,1.13,1
2023-03-12,Southeast Asia,VM,56,1162,435,VM,102.27,1.13,1
2023-03-12,Southeast Asia,Storage,81,702,455,Storage,102.27,1.13,1
2023-03-12,Southeast Asia,Container,71,1161,434,Container,102.27,1.13,1
2023-03-12,West US,Storage,81,1745,318,Storage,102.27,1.13,1
2023-03-12,West US,VM,98,1387,321,VM,102.27,1.13,1
2023-03-12,East US,Container,93,1811,373,Container,102.27,1.13,1
2023-03-12,East US,Storage,74,1289,412,Storage,102.27,1.13,1
2023-03-12,East US,VM,58,987,323,VM,102.27,1.13,1
2023-03-12,North Europe,VM,90,1442,217,VM,102.27,1.13,1
2023-03-12,North Europe,Container,57,801,437,Container,102.27,1.13,1
2023-01-13,East US,VM,50,1795,388,VM,94.56,1.01,0
2023-01-13,Southeast Asia,Storage,79,856,222,Storage,94.56,1.01,0
2023-01-13,East US,Storage,88,1203,268,Storage,94.56,1.01,0
2023-01-13,East US,Container,71,1360,446,Container,94.56,1.01,0
2023-01-13,West US,VM,52,1599,353,VM,94.56,1.01,0
2023-01-13,West US,Storage,65,1958,285,Storage,94.56,1.01,0
2023-01-13,West US,Container,78,1743,268,Container,94.56,1.01,0
2023-01-13,North Europe,VM,96,1508,293,VM,94.56,1.01,0
2023-01-13,North Europe,Storage,95,1457,403,Storage,94.56,1.01,0
2023-01-13,North Europe,Container,65,717,238,Container,94.56,1.01,0
2023-01-13,Southeast Asia,VM,85,1812,453,VM,94.56,1.01,0
2023-01-13,Southeast Asia,Container,59,1623,489,Container,94.56,1.01,0
2023-02-13,East US,VM,97,1472,483,VM,109.15,1.03,0
2023-02-13,West US,VM,78,614,385,VM,109.15,1.03,0
2023-02-13,West US,Storage,52,1563,239,Storage,109.15,1.03,0
2023-02-13,West US,Container,76,1812,461,Container,109.15,1.03,0
2023-02-13,East US,Container,99,1563,423,Container,109.15,1.03,0
2023-02-13,Southeast Asia,Container,56,632,434,Container,109.15,1.03,0
2023-02-13,Southeast Asia,Storage,76,921,387,Storage,109.15,1.03,0
2023-02-13,Southeast Asia,VM,74,1693,390,VM,109.15,1.03,0
2023-02-13,North Europe,Container,97,1280,244,Container,109.15,1.03,0
2023-02-13,East US,Storage,54,1472,280,Storage,109.15,1.03,0
2023-02-13,North Europe,Storage,77,852,258,Storage,109.15,1.03,0
2023-02-13,North Europe,VM,73,1670,367,VM,109.15,1.03,0
2023-03-13,West US,VM,99,1986,287,VM,83.93,1.02,0
2023-03-13,West US,Storage,93,960,477,Storage,83.93,1.02,0
2023-03-13,Southeast Asia,Container,57,628,460,Container,83.93,1.02,0
2023-03-13,Southeast Asia,VM,86,1634,335,VM,83.93,1.02,0
2023-03-13,North Europe,Container,88,607,480,Container,83.93,1.02,0
2023-03-13,North Europe,Storage,68,522,229,Storage,83.93,1.02,0
2023-03-13,North Europe,VM,82,1195,202,VM,83.93,1.02,0
2023-03-13,East US,VM,74,1033,484,VM,83.93,1.02,0
2023-03-13,East US,Storage,62,1989,457,Storage,83.93,1.02,0
2023-03-13,West US,Container,92,920,388,Container,83.93,1.02,0
2023-03-13,Southeast Asia,Storage,91,1709,343,Storage,83.93,1.02,0
2023-03-13,East US,Container,78,712,482,Container,83.93,1.02,0
2023-01-14,Southeast Asia,Storage,80,1825,452,Storage,88.49,1.04,1
2023-01-14,East US,VM,80,1261,346,VM,88.49,1.04,1
2023-01-14,Southeast Asia,VM,93,784,211,VM,88.49,1.04,1
2023-01-14,North Europe,Container,82,1691,242,Container,88.49,1.04,1
2023-01-14,North Europe,Storage,92,1791,264,Storage,88.49,1.04,1
2023-01-14,North Europe,VM,82,1456,378,VM,88.49,1.04,1
2023-01-14,West US,Container,61,1189,362,Container,88.49,1.04,1
2023-01-14,West US,Storage,76,1351,351,Storage,88.49,1.04,1
2023-01-14,West US,VM,51,996,359,VM,88.49,1.04,1
2023-01-14,Southeast Asia,Container,99,534,414,Container,88.49,1.04,1
2023-01-14,East US,Container,65,1291,446,Container,88.49,1.04,1
2023-01-14,East US,Storage,81,1268,203,Storage,88.49,1.04,1
2023-02-14,Southeast Asia,VM,97,1849,273,VM,94.7,1.05,0
2023-02-14,East US,VM,94,1325,448,VM,94.7,1.05,0
2023-02-14,East US,Container,92,1960,357,Container,94.7,1.05,0
2023-02-14,West US,VM,88,581,457,VM,94.7,1.05,0
2023-02-14,West US,Storage,63,1088,211,Storage,94.7,1.05,0
2023-02-14,West US,Container,88,1747,212,Container,94.7,1.05,0
2023-02-14,North Europe,VM,95,1636,432,VM,94.7,1.05,0
2023-02-14,North Europe,Storage,66,859,422,Storage,94.7,1.05,0
2023-02-14,North Europe,Container,83,1199,362,Container,94.7,1.05,0
2023-02-14,Southeast Asia,Storage,90,1747,259,Storage,94.7,1.05,0
2023-02-14,East US,Storage,80,1034,359,Storage,94.7,1.05,0
2023-02-14,Southeast Asia,Container,64,1745,236,Container,94.7,1.05,0
2023-03-14,West US,VM,76,1422,265,VM,102.6,1.08,0
2023-03-14,West US,Storage,90,611,212,Storage,102.6,1.08,0
2023-03-14,West US,Container,58,999,285,Container,102.6,1.08,0
2023-03-14,North Europe,VM,91,1101,253,VM,102.6,1.08,0
2023-03-14,North Europe,Storage,61,708,213,Storage,102.6,1.08,0
2023-03-14,North Europe,Container,83,1960,219,Container,102.6,1.08,0
2023-03-14,Southeast Asia,Container,53,1904,331,Container,102.6,1.08,0
2023-03-14,Southeast Asia,Storage,68,1624,385,Storage,102.6,1.08,0
2023-03-14,Southeast Asia,VM,60,1514,269,VM,102.6,1.08,0
2023-03-14,East US,Container,70,801,430,Container,102.6,1.08,0
2023-03-14,East US,Storage,84,1747,209,Storage,102.6,1.08,0
2023-03-14,East US,VM,52,948,303,VM,102.6,1.08,0
2023-01-15,East US,VM,66,589,463,VM,93.99,0.97,1
2023-01-15,East US,Storage,78,1469,289,Storage,93.99,0.97,1
2023-01-15,East US,Container,83,614,304,Container,93.99,0.97,1
2023-01-15,West US,VM,56,1719,313,VM,93.99,0.97,1
2023-01-15,West US,Storage,94,1598,416,Storage,93.99,0.97,1
2023-01-15,West US,Container,70,1520,448,Container,93.99,0.97,1
2023-01-15,North Europe,VM,85,1917,391,VM,93.99,0.97,1
2023-01-15,North Europe,Storage,84,1622,235,Storage,93.99,0.97,1
2023-01-15,North Europe,Container,67,1508,295,Container,93.99,0.97,1
2023-01-15,Southeast Asia,VM,73,1162,389,VM,93.99,0.97,1
2023-01-15,Southeast Asia,Storage,81,536,467,Storage,93.99,0.97,1
2023-01-15,Southeast Asia,Container,98,778,416,Container,93.99,0.97,1
2023-02-15,East US,VM,78,777,395,VM,100.97,1.1,0
2023-02-15,East US,Storage,69,983,441,Storage,100.97,1.1,0
2023-02-15,Southeast Asia,Storage,96,578,257,Storage,100.97,1.1,0
2023-02-15,West US,VM,66,1023,392,VM,100.97,1.1,0
2023-02-15,West US,Storage,71,973,319,Storage,100.97,1.1,0
2023-02-15,West US,Container,67,805,469,Container,100.97,1.1,0
2023-02-15,North Europe,VM,96,784,403,VM,100.97,1.1,0
2023-02-15,North Europe,Storage,85,1262,426,Storage,100.97,1.1,0
2023-02-15,North Europe,Container,61,1530,228,Container,100.97,1.1,0
2023-02-15,Southeast Asia,VM,60,1556,333,VM,100.97,1.1,0
2023-02-15,Southeast Asia,Container,72,1953,425,Container,100.97,1.1,0
2023-02-15,East US,Container,53,1230,391,Container,100.97,1.1,0
2023-03-15,North Europe,VM,53,1265,223,VM,87.63,0.87,0
2023-03-15,East US,VM,69,1035,426,VM,87.63,0.87,0
2023-03-15,West US,Container,63,835,385,Container,87.63,0.87,0
2023-03-15,North Europe,Storage,83,1093,358,Storage,87.63,0.87,0
2023-03-15,North Europe,Container,68,1842,410,Container,87.63,0.87,0
2023-03-15,Southeast Asia,VM,71,1163,308,VM,87.63,0.87,0
2023-03-15,Southeast Asia,Storage,61,1041,316,Storage,87.63,0.87,0
2023-03-15,Southeast Asia,Container,80,1367,391,Container,87.63,0.87,0
2023-03-15,East US,Storage,75,1992,401,Storage,87.63,0.87,0
2023-03-15,West US,Storage,56,1015,420,Storage,87.63,0.87,0
2023-03-15,West US,VM,94,1543,472,VM,87.63,0.87,0
2023-03-15,East US,Container,87,1441,459,Container,87.63,0.87,0
2023-01-16,North Europe,Container,54,1622,224,Container,93.98,1.19,0
2023-01-16,West US,Container,68,575,464,Container,93.98,1.19,0
2023-01-16,West US,Storage,61,944,432,Storage,93.98,1.19,0
2023-01-16,West US,VM,68,676,299,VM,93.98,1.19,0
2023-01-16,East US,Container,97,1228,386,Container,93.98,1.19,0
2023-01-16,East US,Storage,66,561,283,Storage,93.98,1.19,0
2023-01-16,East US,VM,84,1372,485,VM,93.98,1.19,0
2023-01-16,North Europe,Storage,68,1890,343,Storage,93.98,1.19,0
2023-01-16,Southeast Asia,VM,70,1674,343,VM,93.98,1.19,0
2023-01-16,Southeast Asia,Storage,88,608,380,Storage,93.98,1.19,0
2023-01-16,Southeast Asia,Container,91,1709,422,Container,93.98,1.19,0
2023-01-16,North Europe,VM,56,1217,422,VM,93.98,1.19,0
2023-02-16,North Europe,Storage,96,1368,283,Storage,92.98,0.97,0
2023-02-16,Southeast Asia,Container,61,1794,407,Container,92.98,0.97,0
2023-02-16,Southeast Asia,Storage,98,1292,479,Storage,92.98,0.97,0
2023-02-16,Southeast Asia,VM,87,1685,362,VM,92.98,0.97,0
2023-02-16,North Europe,Container,55,1976,456,Container,92.98,0.97,0
2023-02-16,North Europe,VM,77,1488,220,VM,92.98,0.97,0
2023-02-16,West US,Storage,63,1607,221,Storage,92.98,0.97,0
2023-02-16,West US,VM,81,1653,374,VM,92.98,0.97,0
2023-02-16,East US,Container,78,656,274,Container,92.98,0.97,0
2023-02-16,East US,Storage,62,538,470,Storage,92.98,0.97,0
2023-02-16,East US,VM,78,1015,298,VM,92.98,0.97,0
2023-02-16,West US,Container,60,1348,435,Container,92.98,0.97,0
2023-03-16,West US,VM,98,1262,450,VM,105.22,1.03,0
2023-03-16,East US,VM,68,931,372,VM,105.22,1.03,0
2023-03-16,East US,Storage,85,1873,382,Storage,105.22,1.03,0
2023-03-16,East US,Container,98,1706,345,Container,105.22,1.03,0
2023-03-16,West US,Storage,96,1470,317,Storage,105.22,1.03,0
2023-03-16,North Europe,Storage,96,898,397,Storage,105.22,1.03,0
2023-03-16,North Europe,VM,53,1159,439,VM,105.22,1.03,0
2023-03-16,North Europe,Container,96,577,323,Container,105.22,1.03,0
2023-03-16,Southeast Asia,VM,60,636,289,VM,105.22,1.03,0
2023-03-16,Southeast Asia,Storage,65,1336,260,Storage,105.22,1.03,0
2023-03-16,Southeast Asia,Container,59,549,458,Container,105.22,1.03,0
2023-03-16,West US,Container,94,660,397,Container,105.22,1.03,0
2023-01-17,Southeast Asia,VM,56,716,331,VM,99.87,0.89,0
2023-01-17,North Europe,Container,97,1888,344,Container,99.87,0.89,0
2023-01-17,East US,VM,54,1686,414,VM,99.87,0.89,0
2023-01-17,East US,Storage,78,734,345,Storage,99.87,0.89,0
2023-01-17,North Europe,Storage,87,838,335,Storage,99.87,0.89,0
2023-01-17,West US,VM,59,1453,452,VM,99.87,0.89,0
2023-01-17,West US,Storage,87,1697,340,Storage,99.87,0.89,0
2023-01-17,West US,Container,89,669,482,Container,99.87,0.89,0
2023-01-17,North Europe,VM,51,528,364,VM,99.87,0.89,0
2023-01-17,Southeast Asia,Container,80,944,381,Container,99.87,0.89,0
2023-01-17,East US,Container,96,1087,208,Container,99.87,0.89,0
2023-01-17,Southeast Asia,Storage,85,1593,451,Storage,99.87,0.89,0
2023-02-17,Southeast Asia,VM,51,1867,271,VM,96.08,0.85,0
2023-02-17,West US,Container,64,1676,421,Container,96.08,0.85,0
2023-02-17,West US,Storage,73,877,245,Storage,96.08,0.85,0
2023-02-17,East US,Storage,78,1832,207,Storage,96.08,0.85,0
2023-02-17,North Europe,VM,63,954,472,VM,96.08,0.85,0
2023-02-17,North Europe,Storage,93,1020,365,Storage,96.08,0.85,0
2023-02-17,North Europe,Container,97,1516,413,Container,96.08,0.85,0
2023-02-17,Southeast Asia,Storage,60,1587,404,Storage,96.08,0.85,0
2023-02-17,Southeast Asia,Container,66,571,476,Container,96.08,0.85,0
2023-02-17,East US,VM,76,1583,344,VM,96.08,0.85,0
2023-02-17,East US,Container,64,1550,373,Container,96.08,0.85,0
2023-02-17,West US,VM,99,698,380,VM,96.08,0.85,0
2023-03-17,East US,Container,68,1949,234,Container,102.5,1.03,0
2023-03-17,West US,VM,95,1421,268,VM,102.5,1.03,0
2023-03-17,West US,Storage,78,548,273,Storage,102.5,1.03,0
2023-03-17,West US,Container,54,855,269,Container,102.5,1.03,0
2023-03-17,North Europe,VM,75,1783,325,VM,102.5,1.03,0
2023-03-17,North Europe,Container,73,1836,299,Container,102.5,1.03,0
2023-03-17,Southeast Asia,VM,55,1308,381,VM,102.5,1.03,0
2023-03-17,Southeast Asia,Storage,95,1887,387,Storage,102.5,1.03,0
2023-03-17,East US,Storage,94,1209,250,Storage,102.5,1.03,0
2023-03-17,North Europe,Storage,88,1818,328,Storage,102.5,1.03,0
2023-03-17,East US,VM,62,753,317,VM,102.5,1.03,0
2023-03-17,Southeast Asia,Container,80,1484,235,Container,102.5,1.03,0
2023-01-18,West US,VM,99,1743,325,VM,108.23,0.88,0
2023-01-18,West US,Storage,69,975,200,Storage,108.23,0.88,0
2023-01-18,West US,Container,52,847,389,Container,108.23,0.88,0
2023-01-18,North Europe,VM,98,1932,316,VM,108.23,0.88,0
2023-01-18,North Europe,Storage,55,557,243,Storage,108.23,0.88,0
2023-01-18,North Europe,Container,94,1171,372,Container,108.23,0.88,0
2023-01-18,East US,Container,52,672,340,Container,108.23,0.88,0
2023-01-18,Southeast Asia,VM,96,1672,279,VM,108.23,0.88,0
2023-01-18,Southeast Asia,Storage,70,702,451,Storage,108.23,0.88,0
2023-01-18,Southeast Asia,Container,86,1750,346,Container,108.23,0.88,0
2023-01-18,East US,Storage,75,538,325,Storage,108.23,0.88,0
2023-01-18,East US,VM,88,590,401,VM,108.23,0.88,0
2023-02-18,West US,VM,71,1611,240,VM,102.96,1.03,1
2023-02-18,Southeast Asia,VM,82,1088,315,VM,102.96,1.03,1
2023-02-18,North Europe,Container,82,501,424,Container,102.96,1.03,1
2023-02-18,North Europe,Storage,82,1213,441,Storage,102.96,1.03,1
2023-02-18,North Europe,VM,71,591,347,VM,102.96,1.03,1
2023-02-18,West US,Container,81,1986,279,Container,102.96,1.03,1
2023-02-18,West US,Storage,66,1087,245,Storage,102.96,1.03,1
2023-02-18,Southeast Asia,Container,51,1689,289,Container,102.96,1.03,1
2023-02-18,East US,Container,82,601,466,Container,102.96,1.03,1
2023-02-18,East US,Storage,87,510,416,Storage,102.96,1.03,1
2023-02-18,East US,VM,67,1843,294,VM,102.96,1.03,1
2023-02-18,Southeast Asia,Storage,75,1417,302,Storage,102.96,1.03,1
2023-03-18,East US,Container,56,662,419,Container,93.2,1.02,1
2023-03-18,East US,Storage,79,1865,419,Storage,93.2,1.02,1
2023-03-18,Southeast Asia,Storage,60,1671,342,Storage,93.2,1.02,1
2023-03-18,Southeast Asia,VM,55,1138,359,VM,93.2,1.02,1
2023-03-18,North Europe,Container,53,1189,206,Container,93.2,1.02,1
2023-03-18,Southeast Asia,Container,97,698,353,Container,93.2,1.02,1
2023-03-18,North Europe,VM,92,1095,449,VM,93.2,1.02,1
2023-03-18,West US,Container,93,1340,427,Container,93.2,1.02,1
2023-03-18,West US,Storage,80,704,269,Storage,93.2,1.02,1
2023-03-18,West US,VM,63,1131,381,VM,93.2,1.02,1
2023-03-18,North Europe,Storage,92,1964,220,Storage,93.2,1.02,1
2023-03-18,East US,VM,70,1425,305,VM,93.2,1.02,1
2023-01-19,East US,VM,69,1964,246,VM,102.09,0.8,0
2023-01-19,East US,Storage,90,1828,213,Storage,102.09,0.8,0
2023-01-19,East US,Container,64,1938,200,Container,102.09,0.8,0
2023-01-19,West US,VM,52,1155,211,VM,102.09,0.8,0
2023-01-19,West US,Storage,59,1235,471,Storage,102.09,0.8,0
2023-01-19,West US,Container,57,857,355,Container,102.09,0.8,0
2023-01-19,North Europe,VM,57,1645,363,VM,102.09,0.8,0
2023-01-19,North Europe,Storage,75,1197,377,Storage,102.09,0.8,0
2023-01-19,Southeast Asia,VM,85,1001,344,VM,102.09,0.8,0
2023-01-19,Southeast Asia,Container,62,1231,439,Container,102.09,0.8,0
2023-01-19,Southeast Asia,Storage,58,1428,411,Storage,102.09,0.8,0
2023-01-19,North Europe,Container,77,1231,240,Container,102.09,0.8,0
2023-02-19,East US,VM,95,621,342,VM,100.05,0.98,1
2023-02-19,Southeast Asia,VM,75,1394,202,VM,100.05,0.98,1
2023-02-19,North Europe,Container,53,1913,221,Container,100.05,0.98,1
2023-02-19,North Europe,Storage,60,1607,407,Storage,100.05,0.98,1
2023-02-19,North Europe,VM,96,750,206,VM,100.05,0.98,1
2023-02-19,West US,Container,57,1841,283,Container,100.05,0.98,1
2023-02-19,West US,Storage,81,1052,403,Storage,100.05,0.98,1
2023-02-19,West US,VM,58,1882,422,VM,100.05,0.98,1
2023-02-19,East US,Container,55,508,461,Container,100.05,0.98,1
2023-02-19,East US,Storage,83,605,322,Storage,100.05,0.98,1
2023-02-19,Southeast Asia,Storage,90,1373,213,Storage,100.05,0.98,1
2023-02-19,Southeast Asia,Container,60,1477,211,Container,100.05,0.98,1
2023-03-19,Southeast Asia,Storage,55,697,297,Storage,102.93,0.93,1
2023-03-19,East US,Storage,86,813,220,Storage,102.93,0.93,1
2023-03-19,East US,Container,67,1654,286,Container,102.93,0.93,1
2023-03-19,West US,VM,75,1483,360,VM,102.93,0.93,1
2023-03-19,West US,Storage,99,1128,395,Storage,102.93,0.93,1
2023-03-19,West US,Container,91,1516,285,Container,102.93,0.93,1
2023-03-19,North Europe,VM,82,1092,351,VM,102.93,0.93,1
2023-03-19,North Europe,Storage,83,527,242,Storage,102.93,0.93,1
2023-03-19,North Europe,Container,90,922,285,Container,102.93,0.93,1
2023-03-19,Southeast Asia,Container,50,1341,204,Container,102.93,0.93,1
2023-03-19,Southeast Asia,VM,98,1028,297,VM,102.93,0.93,1
2023-03-19,East US,VM,93,1395,341,VM,102.93,0.93,1
2023-01-20,Southeast Asia,Container,77,1208,332,Container,86.72,1.02,0
2023-01-20,East US,VM,78,1408,245,VM,86.72,1.02,0
2023-01-20,East US,Storage,84,1776,281,Storage,86.72,1.02,0
2023-01-20,East US,Container,54,949,209,Container,86.72,1.02,0
2023-01-20,West US,VM,79,1765,450,VM,86.72,1.02,0
2023-01-20,West US,Storage,94,1528,318,Storage,86.72,1.02,0
2023-01-20,West US,Container,82,873,264,Container,86.72,1.02,0
2023-01-20,North Europe,VM,67,723,438,VM,86.72,1.02,0
2023-01-20,Southeast Asia,Storage,90,1622,205,Storage,86.72,1.02,0
2023-01-20,Southeast Asia,VM,98,1984,297,VM,86.72,1.02,0
2023-01-20,North Europe,Container,74,1326,482,Container,86.72,1.02,0
2023-01-20,North Europe,Storage,98,1352,481,Storage,86.72,1.02,0
2023-02-20,East US,Storage,94,1766,321,Storage,85.85,0.96,0
2023-02-20,East US,VM,72,1408,224,VM,85.85,0.96,0
2023-02-20,Southeast Asia,Container,69,1304,203,Container,85.85,0.96,0
2023-02-20,Southeast Asia,VM,64,852,412,VM,85.85,0.96,0
2023-02-20,North Europe,Container,84,944,292,Container,85.85,0.96,0
2023-02-20,North Europe,Storage,52,1423,401,Storage,85.85,0.96,0
2023-02-20,North Europe,VM,71,1048,258,VM,85.85,0.96,0
2023-02-20,West US,Container,67,1413,410,Container,85.85,0.96,0
2023-02-20,West US,Storage,81,806,499,Storage,85.85,0.96,0
2023-02-20,East US,Container,68,1249,372,Container,85.85,0.96,0
2023-02-20,West US,VM,57,808,382,VM,85.85,0.96,0
2023-02-20,Southeast Asia,Storage,80,1456,223,Storage,85.85,0.96,0
2023-03-20,Southeast Asia,Container,70,578,413,Container,118.66,1.05,0
2023-03-20,Southeast Asia,Storage,64,875,431,Storage,118.66,1.05,0
2023-03-20,North Europe,Container,75,882,267,Container,118.66,1.05,0
2023-03-20,North Europe,Storage,56,776,219,Storage,118.66,1.05,0
2023-03-20,Southeast Asia,VM,95,1383,413,VM,118.66,1.05,0
2023-03-20,West US,Container,59,1110,391,Container,118.66,1.05,0
2023-03-20,North Europe,VM,98,1459,231,VM,118.66,1.05,0
2023-03-20,East US,VM,51,521,311,VM,118.66,1.05,0
2023-03-20,East US,Container,65,934,324,Container,118.66,1.05,0
2023-03-20,West US,VM,88,1609,275,VM,118.66,1.05,0
2023-03-20,West US,Storage,73,1817,258,Storage,118.66,1.05,0
2023-03-20,East US,Storage,51,1341,297,Storage,118.66,1.05,0
2023-01-21,East US,VM,87,1270,222,VM,107.38,1.02,1
2023-01-21,East US,Storage,86,1176,401,Storage,107.38,1.02,1
2023-01-21,East US,Container,59,582,344,Container,107.38,1.02,1
2023-01-21,West US,Storage,94,1216,459,Storage,107.38,1.02,1
2023-01-21,West US,Container,50,1380,487,Container,107.38,1.02,1
2023-01-21,North Europe,Storage,57,653,449,Storage,107.38,1.02,1
2023-01-21,North Europe,Container,83,937,317,Container,107.38,1.02,1
2023-01-21,Southeast Asia,VM,52,1829,467,VM,107.38,1.02,1
2023-01-21,Southeast Asia,Storage,50,1577,435,Storage,107.38,1.02,1
2023-01-21,Southeast Asia,Container,54,1489,421,Container,107.38,1.02,1
2023-01-21,West US,VM,70,1601,200,VM,107.38,1.02,1
2023-01-21,North Europe,VM,83,1871,294,VM,107.38,1.02,1
2023-02-21,Southeast Asia,Container,54,1504,240,Container,96.57,0.92,0
2023-02-21,East US,VM,77,1887,219,VM,96.57,0.92,0
2023-02-21,East US,Storage,73,1446,295,Storage,96.57,0.92,0
2023-02-21,East US,Container,90,919,449,Container,96.57,0.92,0
2023-02-21,West US,Storage,88,1254,385,Storage,96.57,0.92,0
2023-02-21,West US,Container,61,1760,217,Container,96.57,0.92,0
2023-02-21,West US,VM,83,1077,461,VM,96.57,0.92,0
2023-02-21,North Europe,Storage,84,1293,207,Storage,96.57,0.92,0
2023-02-21,North Europe,Container,85,1251,286,Container,96.57,0.92,0
2023-02-21,Southeast Asia,VM,91,1439,213,VM,96.57,0.92,0
2023-02-21,Southeast Asia,Storage,63,501,492,Storage,96.57,0.92,0
2023-02-21,North Europe,VM,89,520,424,VM,96.57,0.92,0
2023-03-21,North Europe,Storage,61,507,496,Storage,88.09,1.07,0
2023-03-21,Southeast Asia,Container,67,1053,467,Container,88.09,1.07,0
2023-03-21,Southeast Asia,Storage,64,737,303,Storage,88.09,1.07,0
2023-03-21,Southeast Asia,VM,57,1066,246,VM,88.09,1.07,0
2023-03-21,North Europe,Container,85,984,284,Container,88.09,1.07,0
2023-03-21,North Europe,VM,92,1208,466,VM,88.09,1.07,0
2023-03-21,West US,Container,74,878,377,Container,88.09,1.07,0
2023-03-21,West US,Storage,55,1178,478,Storage,88.09,1.07,0
2023-03-21,West US,VM,82,1511,426,VM,88.09,1.07,0
2023-03-21,East US,Container,74,1777,243,Container,88.09,1.07,0
2023-03-21,East US,Storage,77,1549,265,Storage,88.09,1.07,0
2023-03-21,East US,VM,77,1281,367,VM,88.09,1.07,0
2023-01-22,East US,VM,66,1123,454,VM,98.84,0.97,1
2023-01-22,East US,Storage,96,1418,406,Storage,98.84,0.97,1
2023-01-22,East US,Container,86,1352,265,Container,98.84,0.97,1
2023-01-22,West US,VM,60,934,302,VM,98.84,0.97,1
2023-01-22,West US,Storage,87,1263,425,Storage,98.84,0.97,1
2023-01-22,West US,Container,87,1829,297,Container,98.84,0.97,1
2023-01-22,North Europe,Storage,87,1483,229,Storage,98.84,0.97,1
2023-01-22,North Europe,Container,91,580,332,Container,98.84,0.97,1
2023-01-22,Southeast Asia,VM,78,1399,337,VM,98.84,0.97,1
2023-01-22,Southeast Asia,Storage,66,1853,472,Storage,98.84,0.97,1
2023-01-22,Southeast Asia,Container,69,1483,268,Container,98.84,0.97,1
2023-01-22,North Europe,VM,67,1297,448,VM,98.84,0.97,1
2023-02-22,East US,Storage,74,1607,329,Storage,98.39,1.04,0
2023-02-22,Southeast Asia,VM,59,1343,456,VM,98.39,1.04,0
2023-02-22,North Europe,Container,63,1091,292,Container,98.39,1.04,0
2023-02-22,North Europe,Storage,60,1533,394,Storage,98.39,1.04,0
2023-02-22,North Europe,VM,94,1418,486,VM,98.39,1.04,0
2023-02-22,West US,Container,50,1947,363,Container,98.39,1.04,0
2023-02-22,West US,Storage,84,1752,460,Storage,98.39,1.04,0
2023-02-22,West US,VM,74,527,265,VM,98.39,1.04,0
2023-02-22,East US,Container,88,1337,344,Container,98.39,1.04,0
2023-02-22,East US,VM,96,513,430,VM,98.39,1.04,0
2023-02-22,Southeast Asia,Storage,54,1799,463,Storage,98.39,1.04,0
2023-02-22,Southeast Asia,Container,92,1471,200,Container,98.39,1.04,0
2023-03-22,East US,Container,50,1514,207,Container,90.25,1.08,0
2023-03-22,West US,VM,86,1427,375,VM,90.25,1.08,0
2023-03-22,West US,Storage,92,1112,459,Storage,90.25,1.08,0
2023-03-22,West US,Container,79,1465,445,Container,90.25,1.08,0
2023-03-22,North Europe,VM,68,1043,336,VM,90.25,1.08,0
2023-03-22,North Europe,Storage,61,1313,215,Storage,90.25,1.08,0
2023-03-22,North Europe,Container,50,1074,308,Container,90.25,1.08,0
2023-03-22,Southeast Asia,VM,70,1169,468,VM,90.25,1.08,0
2023-03-22,Southeast Asia,Storage,83,1783,301,Storage,90.25,1.08,0
2023-03-22,Southeast Asia,Container,80,746,327,Container,90.25,1.08,0
2023-03-22,East US,Storage,76,539,419,Storage,90.25,1.08,0
2023-03-22,East US,VM,51,1274,458,VM,90.25,1.08,0
2023-01-23,East US,VM,83,552,404,VM,85.21,0.93,0
2023-01-23,East US,Storage,92,542,439,Storage,85.21,0.93,0
2023-01-23,East US,Container,60,610,448,Container,85.21,0.93,0
2023-01-23,West US,VM,72,1706,294,VM,85.21,0.93,0
2023-01-23,Southeast Asia,Storage,91,1033,200,Storage,85.21,0.93,0
2023-01-23,Southeast Asia,VM,68,1528,291,VM,85.21,0.93,0
2023-01-23,North Europe,Container,99,560,321,Container,85.21,0.93,0
2023-01-23,Southeast Asia,Container,54,732,211,Container,85.21,0.93,0
2023-01-23,North Europe,VM,74,1718,394,VM,85.21,0.93,0
2023-01-23,West US,Container,53,859,383,Container,85.21,0.93,0
2023-01-23,West US,Storage,60,1897,207,Storage,85.21,0.93,0
2023-01-23,North Europe,Storage,76,592,359,Storage,85.21,0.93,0
2023-02-23,East US,Container,86,804,319,Container,118.86,1.02,0
2023-02-23,Southeast Asia,Storage,54,1684,378,Storage,118.86,1.02,0
2023-02-23,West US,VM,93,655,406,VM,118.86,1.02,0
2023-02-23,West US,Storage,55,1119,450,Storage,118.86,1.02,0
2023-02-23,West US,Container,69,833,329,Container,118.86,1.02,0
2023-02-23,North Europe,VM,58,1010,492,VM,118.86,1.02,0
2023-02-23,North Europe,Storage,69,781,484,Storage,118.86,1.02,0
2023-02-23,North Europe,Container,50,618,234,Container,118.86,1.02,0
2023-02-23,Southeast Asia,VM,55,984,444,VM,118.86,1.02,0
2023-02-23,Southeast Asia,Container,63,1535,475,Container,118.86,1.02,0
2023-02-23,East US,VM,69,1807,320,VM,118.86,1.02,0
2023-02-23,East US,Storage,92,1186,403,Storage,118.86,1.02,0
2023-03-23,Southeast Asia,Container,66,1336,307,Container,111.59,0.92,0
2023-03-23,Southeast Asia,VM,83,540,274,VM,111.59,0.92,0
2023-03-23,North Europe,Container,75,689,362,Container,111.59,0.92,0
2023-03-23,North Europe,Storage,75,1800,355,Storage,111.59,0.92,0
2023-03-23,West US,Container,73,1749,330,Container,111.59,0.92,0
2023-03-23,West US,Storage,68,1900,412,Storage,111.59,0.92,0
2023-03-23,West US,VM,77,764,333,VM,111.59,0.92,0
2023-03-23,East US,Container,54,726,388,Container,111.59,0.92,0
2023-03-23,East US,Storage,74,1429,353,Storage,111.59,0.92,0
2023-03-23,East US,VM,76,630,395,VM,111.59,0.92,0
2023-03-23,Southeast Asia,Storage,72,1699,349,Storage,111.59,0.92,0
2023-03-23,North Europe,VM,61,975,485,VM,111.59,0.92,0
2023-01-24,North Europe,Storage,98,1776,379,Storage,95.39,1.11,0
2023-01-24,Southeast Asia,Storage,72,577,415,Storage,95.39,1.11,0
2023-01-24,Southeast Asia,VM,71,1025,227,VM,95.39,1.11,0
2023-01-24,North Europe,Container,64,802,326,Container,95.39,1.11,0
2023-01-24,North Europe,VM,85,1780,207,VM,95.39,1.11,0
2023-01-24,West US,Container,97,836,225,Container,95.39,1.11,0
2023-01-24,West US,Storage,96,1579,306,Storage,95.39,1.11,0
2023-01-24,West US,VM,96,1644,413,VM,95.39,1.11,0
2023-01-24,East US,Container,94,1596,481,Container,95.39,1.11,0
2023-01-24,East US,Storage,98,1601,417,Storage,95.39,1.11,0
2023-01-24,Southeast Asia,Container,51,864,353,Container,95.39,1.11,0
2023-01-24,East US,VM,75,1569,233,VM,95.39,1.11,0
2023-02-24,Southeast Asia,VM,96,585,374,VM,102.58,0.99,0
2023-02-24,North Europe,Container,57,1168,204,Container,102.58,0.99,0
2023-02-24,North Europe,Storage,57,1864,328,Storage,102.58,0.99,0
2023-02-24,West US,Container,69,650,325,Container,102.58,0.99,0
2023-02-24,East US,VM,99,1739,450,VM,102.58,0.99,0
2023-02-24,West US,VM,80,1707,377,VM,102.58,0.99,0
2023-02-24,East US,Container,99,1708,238,Container,102.58,0.99,0
2023-02-24,East US,Storage,92,625,416,Storage,102.58,0.99,0
2023-02-24,Southeast Asia,Storage,83,1716,318,Storage,102.58,0.99,0
2023-02-24,West US,Storage,72,1951,493,Storage,102.58,0.99,0
2023-02-24,Southeast Asia,Container,75,926,313,Container,102.58,0.99,0
2023-02-24,North Europe,VM,94,807,433,VM,102.58,0.99,0
2023-03-24,East US,VM,60,1361,470,VM,109.63,1.04,0
2023-03-24,Southeast Asia,Container,58,1344,406,Container,109.63,1.04,0
2023-03-24,Southeast Asia,Storage,95,959,238,Storage,109.63,1.04,0
2023-03-24,Southeast Asia,VM,84,1836,316,VM,109.63,1.04,0
2023-03-24,North Europe,Container,64,1714,220,Container,109.63,1.04,0
2023-03-24,North Europe,Storage,52,1015,493,Storage,109.63,1.04,0
2023-03-24,East US,Storage,76,1430,488,Storage,109.63,1.04,0
2023-03-24,West US,Container,69,623,200,Container,109.63,1.04,0
2023-03-24,West US,Storage,77,1570,400,Storage,109.63,1.04,0
2023-03-24,West US,VM,83,1589,447,VM,109.63,1.04,0
2023-03-24,East US,Container,69,1392,471,Container,109.63,1.04,0
2023-03-24,North Europe,VM,57,1354,327,VM,109.63,1.04,0
2023-01-25,East US,Container,92,1797,493,Container,103.44,0.82,0
2023-01-25,Southeast Asia,Storage,90,608,345,Storage,103.44,0.82,0
2023-01-25,Southeast Asia,VM,53,1917,266,VM,103.44,0.82,0
2023-01-25,North Europe,Container,62,1735,224,Container,103.44,0.82,0
2023-01-25,North Europe,Storage,93,1036,344,Storage,103.44,0.82,0
2023-01-25,North Europe,VM,88,585,325,VM,103.44,0.82,0
2023-01-25,West US,Container,59,1562,472,Container,103.44,0.82,0
2023-01-25,West US,Storage,74,984,227,Storage,103.44,0.82,0
2023-01-25,West US,VM,84,1538,391,VM,103.44,0.82,0
2023-01-25,Southeast Asia,Container,96,727,310,Container,103.44,0.82,0
2023-01-25,East US,Storage,52,1418,437,Storage,103.44,0.82,0
2023-01-25,East US,VM,63,1198,206,VM,103.44,0.82,0
2023-02-25,West US,VM,50,1670,486,VM,80.81,1.0,1
2023-02-25,Southeast Asia,Container,87,518,281,Container,80.81,1.0,1
2023-02-25,Southeast Asia,Storage,87,993,331,Storage,80.81,1.0,1
2023-02-25,Southeast Asia,VM,62,1682,297,VM,80.81,1.0,1
2023-02-25,North Europe,Container,62,1084,444,Container,80.81,1.0,1
2023-02-25,East US,Storage,57,802,431,Storage,80.81,1.0,1
2023-02-25,North Europe,VM,55,1074,272,VM,80.81,1.0,1
2023-02-25,West US,Container,90,1743,391,Container,80.81,1.0,1
2023-02-25,West US,Storage,65,1576,268,Storage,80.81,1.0,1
2023-02-25,East US,VM,67,1668,225,VM,80.81,1.0,1
2023-02-25,North Europe,Storage,82,1612,375,Storage,80.81,1.0,1
2023-02-25,East US,Container,98,1087,488,Container,80.81,1.0,1
2023-03-25,East US,VM,67,1638,424,VM,108.22,1.19,1
2023-03-25,Southeast Asia,Container,58,783,372,Container,108.22,1.19,1
2023-03-25,Southeast Asia,Storage,52,1949,474,Storage,108.22,1.19,1
2023-03-25,Southeast Asia,VM,71,582,309,VM,108.22,1.19,1
2023-03-25,North Europe,Container,75,1113,414,Container,108.22,1.19,1
2023-03-25,North Europe,Storage,89,1355,469,Storage,108.22,1.19,1
2023-03-25,North Europe,VM,68,1095,480,VM,108.22,1.19,1
2023-03-25,West US,Container,57,1201,234,Container,108.22,1.19,1
2023-03-25,West US,Storage,87,641,299,Storage,108.22,1.19,1
2023-03-25,West US,VM,83,1387,245,VM,108.22,1.19,1
2023-03-25,East US,Storage,55,1774,418,Storage,108.22,1.19,1
2023-03-25,East US,Container,72,1966,290,Container,108.22,1.19,1
2023-01-26,Southeast Asia,VM,52,742,230,VM,103.24,0.96,0
2023-01-26,Southeast Asia,Storage,89,728,235,Storage,103.24,0.96,0
2023-01-26,Southeast Asia,Container,73,1746,205,Container,103.24,0.96,0
2023-01-26,East US,VM,71,533,310,VM,103.24,0.96,0
2023-01-26,East US,Storage,57,1892,435,Storage,103.24,0.96,0
2023-01-26,East US,Container,68,924,300,Container,103.24,0.96,0
2023-01-26,North Europe,VM,70,1123,203,VM,103.24,0.96,0
2023-01-26,West US,Storage,83,1966,428,Storage,103.24,0.96,0
2023-01-26,West US,VM,55,1191,481,VM,103.24,0.96,0
2023-01-26,West US,Container,82,1960,349,Container,103.24,0.96,0
2023-01-26,North Europe,Storage,79,1342,294,Storage,103.24,0.96,0
2023-01-26,North Europe,Container,73,1322,336,Container,103.24,0.96,0
2023-02-26,West US,Storage,56,642,292,Storage,100.6,1.25,1
2023-02-26,West US,Container,74,1940,423,Container,100.6,1.25,1
2023-02-26,North Europe,VM,98,790,301,VM,100.6,1.25,1
2023-02-26,North Europe,Storage,75,1790,309,Storage,100.6,1.25,1
2023-02-26,North Europe,Container,63,1341,464,Container,100.6,1.25,1
2023-02-26,Southeast Asia,VM,52,584,481,VM,100.6,1.25,1
2023-02-26,Southeast Asia,Storage,57,1315,316,Storage,100.6,1.25,1
2023-02-26,East US,Storage,68,1888,328,Storage,100.6,1.25,1
2023-02-26,East US,VM,62,1500,478,VM,100.6,1.25,1
2023-02-26,Southeast Asia,Container,78,1677,352,Container,100.6,1.25,1
2023-02-26,West US,VM,70,1588,275,VM,100.6,1.25,1
2023-02-26,East US,Container,73,1321,288,Container,100.6,1.25,1
2023-03-26,East US,Container,87,1960,363,Container,97.55,0.92,1
2023-03-26,East US,Storage,68,1442,319,Storage,97.55,0.92,1
2023-03-26,West US,VM,89,964,485,VM,97.55,0.92,1
2023-03-26,West US,Storage,58,819,360,Storage,97.55,0.92,1
2023-03-26,West US,Container,74,1726,426,Container,97.55,0.92,1
2023-03-26,North Europe,Storage,90,567,463,Storage,97.55,0.92,1
2023-03-26,North Europe,Container,51,1650,454,Container,97.55,0.92,1
2023-03-26,Southeast Asia,VM,65,976,261,VM,97.55,0.92,1
2023-03-26,Southeast Asia,Storage,98,931,357,Storage,97.55,0.92,1
2023-03-26,Southeast Asia,Container,61,1558,466,Container,97.55,0.92,1
2023-03-26,East US,VM,56,1586,272,VM,97.55,0.92,1
2023-03-26,North Europe,VM,90,833,421,VM,97.55,0.92,1
2023-01-27,East US,VM,51,967,419,VM,93.23,1.06,0
2023-01-27,East US,Storage,60,503,333,Storage,93.23,1.06,0
2023-01-27,Southeast Asia,Storage,86,638,458,Storage,93.23,1.06,0
2023-01-27,Southeast Asia,VM,63,819,237,VM,93.23,1.06,0
2023-01-27,North Europe,Container,96,500,289,Container,93.23,1.06,0
2023-01-27,North Europe,Storage,69,612,339,Storage,93.23,1.06,0
2023-01-27,Southeast Asia,Container,82,1401,377,Container,93.23,1.06,0
2023-01-27,West US,Container,93,825,317,Container,93.23,1.06,0
2023-01-27,West US,Storage,57,1549,372,Storage,93.23,1.06,0
2023-01-27,West US,VM,51,1346,402,VM,93.23,1.06,0
2023-01-27,East US,Container,98,1003,261,Container,93.23,1.06,0
2023-01-27,North Europe,VM,53,1223,424,VM,93.23,1.06,0
2023-02-27,Southeast Asia,Storage,84,1667,305,Storage,98.08,1.03,0
2023-02-27,East US,Container,64,542,220,Container,98.08,1.03,0
2023-02-27,West US,VM,72,1118,316,VM,98.08,1.03,0
2023-02-27,West US,Storage,64,1292,491,Storage,98.08,1.03,0
2023-02-27,West US,Container,60,550,470,Container,98.08,1.03,0
2023-02-27,North Europe,VM,53,1288,340,VM,98.08,1.03,0
2023-02-27,North Europe,Storage,71,1286,489,Storage,98.08,1.03,0
2023-02-27,North Europe,Container,63,1463,251,Container,98.08,1.03,0
2023-02-27,Southeast Asia,VM,95,1250,355,VM,98.08,1.03,0
2023-02-27,Southeast Asia,Container,85,1169,345,Container,98.08,1.03,0
2023-02-27,East US,VM,61,1656,492,VM,98.08,1.03,0
2023-02-27,East US,Storage,64,1823,427,Storage,98.08,1.03,0
2023-03-27,East US,VM,95,1992,454,VM,91.1,0.92,0
2023-03-27,East US,Container,86,1512,400,Container,91.1,0.92,0
2023-03-27,West US,VM,58,1847,234,VM,91.1,0.92,0
2023-03-27,West US,Storage,66,981,415,Storage,91.1,0.92,0
2023-03-27,North Europe,VM,94,842,275,VM,91.1,0.92,0
2023-03-27,North Europe,Storage,95,1058,214,Storage,91.1,0.92,0
2023-03-27,North Europe,Container,90,1158,225,Container,91.1,0.92,0
2023-03-27,Southeast Asia,VM,78,905,431,VM,91.1,0.92,0
2023-03-27,Southeast Asia,Storage,70,1004,356,Storage,91.1,0.92,0
2023-03-27,Southeast Asia,Container,53,1978,227,Container,91.1,0.92,0
2023-03-27,East US,Storage,70,1848,475,Storage,91.1,0.92,0
2023-03-27,West US,Container,81,1588,207,Container,91.1,0.92,0
2023-01-28,Southeast Asia,Storage,63,1297,490,Storage,110.31,1.09,1
2023-01-28,West US,VM,58,1284,464,VM,110.31,1.09,1
2023-01-28,Southeast Asia,VM,78,1372,428,VM,110.31,1.09,1
2023-01-28,North Europe,Container,50,1819,259,Container,110.31,1.09,1
2023-01-28,North Europe,Storage,83,1087,234,Storage,110.31,1.09,1
2023-01-28,North Europe,VM,93,833,336,VM,110.31,1.09,1
2023-01-28,West US,Container,84,1618,268,Container,110.31,1.09,1
2023-01-28,West US,Storage,60,1410,237,Storage,110.31,1.09,1
2023-01-28,East US,Container,89,820,300,Container,110.31,1.09,1
2023-01-28,East US,Storage,93,1397,212,Storage,110.31,1.09,1
2023-01-28,East US,VM,59,760,337,VM,110.31,1.09,1
2023-01-28,Southeast Asia,Container,70,1688,204,Container,110.31,1.09,1
2023-02-28,Southeast Asia,Container,58,509,320,Container,99.65,0.88,0
2023-02-28,East US,VM,51,1088,331,VM,99.65,0.88,0
2023-02-28,East US,Storage,75,1868,462,Storage,99.65,0.88,0
2023-02-28,East US,Container,80,1631,273,Container,99.65,0.88,0
2023-02-28,West US,VM,88,1408,358,VM,99.65,0.88,0
2023-02-28,West US,Storage,56,1458,440,Storage,99.65,0.88,0
2023-02-28,West US,Container,91,944,497,Container,99.65,0.88,0
2023-02-28,North Europe,VM,85,1607,462,VM,99.65,0.88,0
2023-02-28,North Europe,Storage,50,1695,372,Storage,99.65,0.88,0
2023-02-28,Southeast Asia,Storage,71,1743,225,Storage,99.65,0.88,0
2023-02-28,North Europe,Container,91,1058,340,Container,99.65,0.88,0
2023-02-28,Southeast Asia,VM,71,1641,476,VM,99.65,0.88,0
2023-03-28,North Europe,Storage,94,1252,341,Storage,99.23,1.03,0
2023-03-28,Southeast Asia,Container,57,1054,289,Container,99.23,1.03,0
2023-03-28,Southeast Asia,Storage,87,548,389,Storage,99.23,1.03,0
2023-03-28,Southeast Asia,VM,69,1152,388,VM,99.23,1.03,0
2023-03-28,East US,VM,53,1929,275,VM,99.23,1.03,0
2023-03-28,East US,Storage,94,1078,393,Storage,99.23,1.03,0
2023-03-28,North Europe,Container,84,1955,436,Container,99.23,1.03,0
2023-03-28,North Europe,VM,57,1990,292,VM,99.23,1.03,0
2023-03-28,West US,Container,55,1229,482,Container,99.23,1.03,0
2023-03-28,West US,Storage,71,1072,467,Storage,99.23,1.03,0
2023-03-28,East US,Container,73,1685,456,Container,99.23,1.03,0
2023-03-28,West US,VM,57,1610,461,VM,99.23,1.03,0
2023-01-29,Southeast Asia,Container,96,1812,430,Container,91.61,0.97,1
2023-01-29,Southeast Asia,Storage,57,1053,214,Storage,91.61,0.97,1
2023-01-29,East US,Storage,75,1073,331,Storage,91.61,0.97,1
2023-01-29,East US,VM,68,1902,277,VM,91.61,0.97,1
2023-01-29,Southeast Asia,VM,55,1078,378,VM,91.61,0.97,1
2023-01-29,North Europe,Container,89,1562,397,Container,91.61,0.97,1
2023-01-29,North Europe,Storage,66,1748,303,Storage,91.61,0.97,1
2023-01-29,West US,Container,87,1546,262,Container,91.61,0.97,1
2023-01-29,West US,Storage,89,1299,378,Storage,91.61,0.97,1
2023-01-29,West US,VM,67,795,494,VM,91.61,0.97,1
2023-01-29,East US,Container,74,1565,288,Container,91.61,0.97,1
2023-01-29,North Europe,VM,64,1492,352,VM,91.61,0.97,1
2023-03-29,East US,VM,88,840,444,VM,102.77,1.08,0
2023-03-29,East US,Container,92,881,432,Container,102.77,1.08,0
2023-03-29,West US,VM,58,1867,236,VM,102.77,1.08,0
2023-03-29,West US,Storage,98,1052,216,Storage,102.77,1.08,0
2023-03-29,West US,Container,73,1318,258,Container,102.77,1.08,0
2023-03-29,North Europe,VM,88,682,240,VM,102.77,1.08,0
2023-03-29,North Europe,Storage,88,896,391,Storage,102.77,1.08,0
2023-03-29,North Europe,Container,60,1406,326,Container,102.77,1.08,0
2023-03-29,Southeast Asia,VM,95,500,367,VM,102.77,1.08,0
2023-03-29,East US,Storage,98,1203,305,Storage,102.77,1.08,0
2023-03-29,Southeast Asia,Container,57,1456,308,Container,102.77,1.08,0
2023-03-29,Southeast Asia,Storage,93,518,271,Storage,102.77,1.08,0
2023-01-30,Southeast Asia,Storage,51,1934,294,Storage,103.31,1.1,0
2023-01-30,Southeast Asia,Container,85,1815,481,Container,103.31,1.1,0
2023-01-30,Southeast Asia,VM,53,1343,372,VM,103.31,1.1,0
2023-01-30,North Europe,Container,54,1680,246,Container,103.31,1.1,0
2023-01-30,North Europe,Storage,64,1680,335,Storage,103.31,1.1,0
2023-01-30,West US,Container,87,1682,427,Container,103.31,1.1,0
2023-01-30,North Europe,VM,94,715,383,VM,103.31,1.1,0
2023-01-30,West US,VM,53,1097,209,VM,103.31,1.1,0
2023-01-30,East US,Container,86,1934,488,Container,103.31,1.1,0
2023-01-30,East US,Storage,87,1964,296,Storage,103.31,1.1,0
2023-01-30,East US,VM,76,919,356,VM,103.31,1.1,0
2023-01-30,West US,Storage,54,1364,317,Storage,103.31,1.1,0
2023-03-30,North Europe,Storage,51,1847,360,Storage,100.13,1.15,0
2023-03-30,Southeast Asia,Storage,98,831,442,Storage,100.13,1.15,0
2023-03-30,Southeast Asia,VM,96,911,283,VM,100.13,1.15,0
2023-03-30,North Europe,Container,85,1093,346,Container,100.13,1.15,0
2023-03-30,North Europe,VM,98,1349,345,VM,100.13,1.15,0
2023-03-30,East US,Storage,82,1824,289,Storage,100.13,1.15,0
2023-03-30,West US,Storage,76,673,357,Storage,100.13,1.15,0
2023-03-30,West US,VM,54,1019,352,VM,100.13,1.15,0
2023-03-30,East US,Container,88,1487,449,Container,100.13,1.15,0
2023-03-30,East US,VM,61,944,439,VM,100.13,1.15,0
2023-03-30,West US,Container,94,930,414,Container,100.13,1.15,0
2023-03-30,Southeast Asia,Container,64,540,457,Container,100.13,1.15,0
2023-01-31,Southeast Asia,Storage,98,1103,486,Storage,95.21,0.98,0
2023-01-31,East US,VM,92,1806,268,VM,95.21,0.98,0
2023-01-31,East US,Storage,69,510,453,Storage,95.21,0.98,0
2023-01-31,East US,Container,59,1371,237,Container,95.21,0.98,0
2023-01-31,West US,VM,55,1211,222,VM,95.21,0.98,0
2023-01-31,West US,Storage,96,845,417,Storage,95.21,0.98,0
2023-01-31,West US,Container,62,1457,409,Container,95.21,0.98,0
2023-01-31,North Europe,VM,74,1492,310,VM,95.21,0.98,0
2023-01-31,North Europe,Storage,89,1327,370,Storage,95.21,0.98,0
2023-01-31,North Europe,Container,61,1503,332,Container,95.21,0.98,0
2023-01-31,Southeast Asia,VM,86,626,305,VM,95.21,0.98,0
2023-01-31,Southeast Asia,Container,58,1513,250,Container,95.21,0.98,0
2023-03-31,Southeast Asia,Storage,77,776,306,Storage,97.35,1.27,0
2023-03-31,Southeast Asia,VM,74,1802,493,VM,97.35,1.27,0
2023-03-31,North Europe,Container,98,1650,422,Container,97.35,1.27,0
2023-03-31,North Europe,Storage,84,734,412,Storage,97.35,1.27,0
2023-03-31,North Europe,VM,51,1604,467,VM,97.35,1.27,0
2023-03-31,East US,VM,78,604,401,VM,97.35,1.27,0
2023-03-31,West US,Storage,55,1166,316,Storage,97.35,1.27,0
2023-03-31,West US,VM,77,1270,283,VM,97.35,1.27,0
2023-03-31,East US,Container,58,1900,238,Container,97.35,1.27,0
2023-03-31,East US,Storage,51,1789,409,Storage,97.35,1.27,0
2023-03-31,West US,Container,51,886,495,Container,97.35,1.27,0
2023-03-31,Southeast Asia,Container,67,919,298,Container,97.35,1.27,0
